time,open,high,low,close,volume
2020-01-02,6.58,6.64,6.55,6.64,1163109
2020-01-03,6.64,6.7,6.61,6.64,1055528
2020-01-06,6.64,6.64,6.49,6.49,1286035
2020-01-07,6.49,6.55,6.49,6.49,1050934
2020-01-08,6.49,6.49,6.35,6.38,2304937
2020-01-09,6.41,6.52,6.41,6.46,1422248
2020-01-10,6.49,6.67,6.49,6.55,2371501
2020-01-13,6.61,6.61,6.55,6.61,1523181
2020-01-14,6.61,6.78,6.61,6.78,2851982
2020-01-15,6.78,6.78,6.7,6.72,1158657
2020-01-16,6.72,6.93,6.72,6.9,2819687
2020-01-17,6.93,6.96,6.84,6.87,2706194
2020-01-20,6.87,7.13,6.87,7.01,4443379
2020-01-21,7.07,7.13,7.01,7.07,1775816
2020-01-22,7.1,7.1,7.01,7.07,1574379
2020-01-30,6.98,7.01,6.7,6.81,4250097
2020-01-31,6.78,6.87,6.61,6.64,4243264
2020-02-03,6.44,6.64,6.26,6.52,4430186
2020-02-04,6.61,6.7,6.49,6.7,2397062
2020-02-05,6.75,6.78,6.61,6.64,2790275
2020-02-06,6.67,6.93,6.64,6.93,2980981
2020-02-07,6.93,6.96,6.81,6.87,2007251
2020-02-10,6.87,6.9,6.75,6.81,1271190
2020-02-11,6.81,6.87,6.78,6.84,1862090
2020-02-12,6.87,7.42,6.87,7.39,10516207
2020-02-13,7.39,7.42,7.24,7.36,3773365
2020-02-14,7.36,7.73,7.36,7.62,8018099
2020-02-17,7.59,7.7,7.5,7.62,3764464
2020-02-18,7.62,7.82,7.59,7.68,6293208
2020-02-19,7.65,7.7,7.48,7.59,5091969
2020-02-20,7.59,7.79,7.53,7.62,5578717
2020-02-21,7.19,7.68,7.19,7.42,6333926
2020-02-24,7.36,7.39,6.87,6.93,10321149
2020-02-25,6.78,7.24,6.67,7.24,8279866
2020-02-26,7.22,7.24,7.01,7.1,4519324
2020-02-27,6.98,7.36,6.98,7.36,5309790
2020-02-28,6.64,7.3,6.64,7.27,5959642
2020-03-02,7.04,7.36,7.04,7.27,3629494
2020-03-03,7.39,7.48,7.3,7.39,6364207
2020-03-04,7.39,7.45,7.3,7.45,5047583
2020-03-05,7.5,7.62,7.33,7.39,5965022
2020-03-06,7.36,7.36,7.24,7.3,3959935
2020-03-09,7.13,7.13,6.64,6.72,16776046
2020-03-10,6.64,7.16,6.61,6.98,7582331
2020-03-11,7.01,7.04,6.64,6.75,7841324
2020-03-12,6.64,6.64,6.2,6.38,11082125
2020-03-13,6.2,6.49,5.92,6.35,9020091
2020-03-16,6.35,6.44,5.97,6.03,4614344
2020-03-17,6.0,6.18,5.8,6.09,6568088
2020-03-18,6.15,6.23,6.03,6.12,4944595
2020-03-19,6.06,6.15,5.97,6.09,4083896
2020-03-20,6.7,6.7,6.06,6.18,3341564
2020-03-23,6.12,6.18,5.57,5.57,10024177
2020-03-24,5.51,5.74,5.51,5.66,4315784
2020-03-25,5.77,6.0,5.77,5.92,4115341
2020-03-26,5.94,5.94,5.68,5.68,3631529
2020-03-27,5.68,5.8,5.63,5.68,3980631
2020-03-30,5.63,5.63,5.17,5.25,5925098
2020-03-31,5.25,5.43,5.02,5.14,4532153
2020-04-01,4.65,5.48,4.65,5.37,2761168
2020-04-03,5.22,5.6,5.22,5.51,3574343
2020-04-06,5.6,6.0,5.51,5.94,5757259
2020-04-07,6.06,6.06,5.77,5.86,4467621
2020-04-08,6.44,6.44,5.68,5.83,2331536
2020-04-09,6.41,6.41,5.77,5.77,4068966
2020-04-10,5.48,5.83,5.48,5.71,2517477
2020-04-13,5.17,5.89,5.17,5.77,1926793
2020-04-14,5.77,5.83,5.68,5.77,3167293
2020-04-15,5.77,5.97,5.77,5.83,3686239
2020-04-16,5.83,5.89,5.8,5.89,1895213
2020-04-17,5.92,6.09,5.92,6.06,4809341
2020-04-20,6.12,6.12,5.94,5.97,3064104
2020-04-21,5.94,5.94,5.68,5.71,6015799
2020-04-22,5.71,5.89,5.6,5.89,2637424
2020-04-23,5.92,6.0,5.86,5.86,2076603
2020-04-24,5.83,5.89,5.77,5.86,1264729
2020-04-27,5.86,5.94,5.77,5.8,1806851
2020-04-28,5.8,5.89,5.77,5.86,1246915
2020-04-29,5.86,5.92,5.83,5.92,1196049
2020-05-04,5.92,5.92,5.8,5.86,1193939
2020-05-05,5.83,5.89,5.83,5.86,1126770
2020-05-06,5.89,6.12,5.83,6.0,4453036
2020-05-07,6.03,6.12,6.0,6.12,2973997
2020-05-08,6.15,6.32,6.06,6.18,5995918
2020-05-11,6.32,6.32,6.18,6.26,4108808
2020-05-12,6.26,6.35,6.18,6.29,4057939
2020-05-13,6.35,6.35,6.2,6.26,3453900
2020-05-14,6.26,6.29,6.18,6.18,3827622
2020-05-15,6.2,6.41,6.18,6.26,6937907
2020-05-18,6.32,6.32,6.18,6.29,2771622
2020-05-19,6.35,6.49,6.35,6.41,5561531
2020-05-20,6.38,6.46,6.35,6.41,3116422
2020-05-21,6.41,6.55,6.32,6.46,4622625
2020-05-22,6.49,6.55,6.44,6.46,4841440
2020-05-25,6.49,6.55,6.44,6.52,3519682
2020-05-26,6.49,6.78,6.49,6.72,5267006
2020-05-27,6.78,6.84,6.58,6.58,6389497
2020-05-28,6.58,6.7,6.58,6.61,3568932
2020-05-29,6.61,6.64,6.55,6.61,2394358
2020-06-01,6.64,7.24,6.61,7.24,13859688
2020-06-02,7.36,7.65,7.16,7.16,10935462
2020-06-03,7.16,7.36,7.16,7.36,3758964
2020-06-04,7.39,7.42,7.27,7.3,5159832
2020-06-05,7.33,7.33,7.19,7.27,4025847
2020-06-08,7.27,7.5,7.27,7.33,6087882
2020-06-09,7.36,7.39,7.27,7.36,3531851
2020-06-10,7.36,7.48,7.27,7.39,6494275
2020-06-11,7.39,7.45,7.04,7.07,9172138
2020-06-12,6.93,7.07,6.75,7.07,6648375
2020-06-15,7.13,7.13,6.7,6.72,5885937
2020-06-16,6.81,6.98,6.81,6.87,4198360
2020-06-17,7.01,7.01,6.78,6.84,1599340
2020-06-18,6.84,6.9,6.75,6.87,1301526
2020-06-19,6.87,7.07,6.87,7.04,2334941
2020-06-22,7.04,7.13,6.93,6.96,2256643
2020-06-23,6.98,7.04,6.9,6.93,3282364
2020-06-24,6.93,7.01,6.84,6.87,3013466
2020-06-25,6.84,6.87,6.78,6.84,2500893
2020-06-26,6.87,6.93,6.81,6.81,1400341
2020-06-29,6.81,6.81,6.55,6.61,4353272
2020-06-30,6.64,6.72,6.46,6.58,3585625
2020-07-01,6.58,6.72,6.58,6.7,1676001
2020-07-02,6.7,6.75,6.64,6.67,1070089
2020-07-03,6.7,6.72,6.64,6.64,1271360
2020-07-06,6.64,6.84,6.64,6.81,3204367
2020-07-07,6.84,6.93,6.84,6.84,2389942
2020-07-08,6.81,6.93,6.81,6.9,1647694
2020-07-09,6.9,7.01,6.9,7.01,2248695
2020-07-10,7.01,7.04,6.87,6.93,2284971
2020-07-13,6.96,6.98,6.87,6.9,1840084
2020-07-14,6.9,6.96,6.84,6.93,1406915
2020-07-15,6.98,6.98,6.93,6.93,1570073
2020-07-16,6.98,6.98,6.9,6.93,903322
2020-07-17,6.96,7.22,6.93,7.16,7890281
2020-07-20,7.16,7.19,7.07,7.07,2622350
2020-07-21,7.07,7.1,6.98,7.1,2194410
2020-07-22,7.1,7.16,6.98,7.04,1726317
2020-07-23,7.04,7.04,6.93,6.98,1955757
2020-07-24,7.01,7.01,6.49,6.7,5532575
2020-07-27,6.03,6.61,6.03,6.29,6240477
2020-07-28,6.29,6.61,6.2,6.61,2598740
2020-07-29,6.55,6.58,6.23,6.41,4929532
2020-07-30,6.26,6.52,6.26,6.52,1914488
2020-07-31,6.55,6.55,6.38,6.49,2220749
2020-08-03,6.38,6.7,6.38,6.7,3044620
2020-08-04,6.72,6.9,6.72,6.84,2907562
2020-08-05,6.9,7.04,6.84,6.93,5472736
2020-08-06,6.96,6.96,6.84,6.87,1874899
2020-08-07,6.9,6.96,6.78,6.84,2150978
2020-08-10,6.84,6.96,6.84,6.87,2576760
2020-08-11,6.93,7.33,6.9,7.33,15333430
2020-08-12,7.45,7.48,7.27,7.33,6091725
2020-08-13,7.33,7.39,7.3,7.36,3803166
2020-08-14,7.36,7.36,7.22,7.3,6682494
2020-08-17,7.3,7.45,7.27,7.45,6222301
2020-08-18,7.5,7.53,7.39,7.39,4710796
2020-08-19,7.42,7.45,7.33,7.39,9263369
2020-08-20,7.73,7.95,7.5,7.8,19475136
2020-08-21,7.8,7.95,7.73,7.95,7392791
2020-08-24,7.95,8.07,7.88,7.88,6821518
2020-08-25,7.88,7.95,7.8,7.92,7801079
2020-08-26,7.92,7.99,7.84,7.95,6018699
2020-08-27,7.95,8.07,7.92,8.07,4863627
2020-08-28,8.1,8.18,7.99,8.03,6947593
2020-08-31,8.03,8.07,7.92,7.95,7008237
2020-09-01,7.95,7.99,7.88,7.92,7822064
2020-09-03,7.92,8.03,7.88,7.95,6080561
2020-09-04,7.88,7.95,7.8,7.92,4665691
2020-09-07,7.92,7.95,7.8,7.8,6067374
2020-09-08,7.8,7.84,7.73,7.73,12273484
2020-09-09,7.73,7.84,7.62,7.84,5021412
2020-09-10,7.84,7.95,7.84,7.84,3249267
2020-09-11,7.84,7.88,7.77,7.8,2350091
2020-09-14,7.8,7.99,7.8,7.95,5275848
2020-09-15,7.95,8.03,7.92,7.99,4632880
2020-09-16,7.95,7.99,7.92,7.95,2194115
2020-09-17,7.99,8.18,7.92,8.07,12323866
2020-09-18,8.07,8.14,8.03,8.14,3280690
2020-09-21,8.18,8.37,8.1,8.25,7244851
2020-09-22,8.25,8.37,8.14,8.37,8818518
2020-09-23,8.37,8.55,8.37,8.44,6511427
2020-09-24,8.4,8.48,8.25,8.33,5599785
2020-09-25,8.33,8.4,8.22,8.33,6416344
2020-09-28,8.33,8.55,8.33,8.48,8207740
2020-09-29,8.52,8.55,8.37,8.4,5923046
2020-09-30,8.4,8.44,8.33,8.44,3624221
2020-10-01,8.37,8.55,8.33,8.44,6510267
2020-10-02,8.4,8.82,8.4,8.63,23518516
2020-10-05,8.63,8.85,8.59,8.85,12875000
2020-10-06,8.85,9.08,8.85,9.0,10965000
2020-10-07,9.0,9.04,8.74,8.78,17681800
2020-10-08,8.7,8.89,8.63,8.7,13890500
2020-10-09,8.7,8.93,8.67,8.82,8717300
2020-10-12,8.89,8.93,8.74,8.74,8642000
2020-10-13,8.78,8.78,8.67,8.78,5319900
2020-10-14,8.82,9.04,8.78,9.0,20284500
2020-10-15,9.0,9.3,8.97,9.19,16334800
2020-10-16,9.19,9.38,9.08,9.27,8711000
2020-10-19,9.38,9.64,9.34,9.49,14148600
2020-10-20,9.53,9.6,9.38,9.49,11356300
2020-10-21,9.53,9.6,9.46,9.46,8864800
2020-10-22,9.49,9.76,9.38,9.6,9439500
2020-10-23,9.68,9.72,9.57,9.6,8023000
2020-10-26,9.6,9.68,9.3,9.3,11660700
2020-10-27,9.27,9.34,9.15,9.15,11720500
2020-10-28,9.15,9.19,8.89,8.93,14911600
2020-10-29,8.85,9.12,8.7,8.97,8510000
2020-10-30,9.04,9.12,8.93,9.04,4392700
2020-11-02,9.08,9.19,9.0,9.19,3775100
2020-11-03,9.19,9.46,9.19,9.38,7704400
2020-11-04,9.42,9.64,9.42,9.57,12599900
2020-11-05,9.57,9.64,9.34,9.34,8546200
2020-11-06,9.34,9.42,9.3,9.42,3669400
2020-11-09,9.42,9.57,9.42,9.53,5897700
2020-11-10,9.64,9.76,9.49,9.49,8852600
2020-11-11,9.49,9.57,9.46,9.53,4525100
2020-11-12,9.53,9.9,9.53,9.9,18943100
2020-11-13,9.9,10.02,9.87,9.94,6222800
2020-11-16,9.94,10.06,9.83,9.83,8979100
2020-11-17,9.83,10.2,9.83,10.2,16771100
2020-11-18,10.2,10.39,10.09,10.2,7919600
2020-11-19,10.24,10.32,10.13,10.2,6411600
2020-11-20,10.24,10.28,10.06,10.24,9590800
2020-11-23,10.32,10.36,10.13,10.24,10891200
2020-11-24,10.24,10.43,10.17,10.24,10353900
2020-11-25,10.24,10.36,10.17,10.24,6484600
2020-11-26,10.24,10.39,10.13,10.28,10030200
2020-11-27,10.32,10.36,10.2,10.2,5460400
2020-11-30,10.28,10.28,10.13,10.2,8939000
2020-12-01,10.2,10.24,10.06,10.24,9242900
2020-12-09,10.54,10.86,10.43,10.71,24200930
2020-12-10,10.8,10.8,10.47,10.49,9233750
2020-12-11,10.54,10.6,10.43,10.58,4459820
2020-12-14,10.62,10.69,10.54,10.58,7325960
2020-12-15,10.58,10.6,10.47,10.5,7305490
2020-12-16,10.52,10.67,10.5,10.6,10461450
2020-12-17,10.54,10.82,10.52,10.62,13567290
2020-12-18,10.67,10.75,10.62,10.66,11693630
2020-12-21,10.69,10.99,10.64,10.86,22481640
2020-12-22,10.86,10.88,10.73,10.79,7573290
2020-12-23,10.8,10.82,10.5,10.54,11216860
2020-12-24,10.54,10.62,9.94,10.24,15831250
2020-12-25,10.24,10.5,10.2,10.49,9194080
2020-12-28,10.62,10.62,10.37,10.43,6223680
2020-12-29,10.43,10.49,10.36,10.39,6501920
2020-12-30,10.41,10.58,10.41,10.43,6741290
2020-12-31,10.47,10.62,10.45,10.54,6774680
2021-01-04,10.71,10.82,10.69,10.75,10776300
2021-01-05,10.73,11.11,10.62,11.01,18693900
2021-01-06,11.14,11.48,10.99,11.22,15883900
2021-01-07,11.24,11.26,11.11,11.22,11636100
2021-01-08,11.24,11.41,11.18,11.33,15519300
2021-01-11,11.44,11.59,11.31,11.39,9821800
2021-01-12,11.35,11.37,11.24,11.29,9277600
2021-01-13,11.37,11.39,11.14,11.2,9915300
2021-01-14,11.22,11.22,10.96,11.2,8491200
2021-01-15,11.26,11.41,11.24,11.35,8184100
2021-01-18,11.39,11.44,11.22,11.24,8419100
2021-01-19,11.18,11.22,10.47,10.47,13077400
2021-01-20,10.5,10.62,9.87,10.62,12323000
2021-01-21,10.82,10.92,10.64,10.86,6535000
2021-01-22,10.84,10.92,10.69,10.75,5438100
2021-01-25,10.62,10.69,10.52,10.54,7683600
2021-01-26,10.52,10.75,10.32,10.43,8096200
2021-01-27,10.43,10.64,10.2,10.32,6387700
2021-01-28,9.76,10.02,9.6,9.6,15154800
2021-01-29,9.19,10.09,9.19,10.06,7621200
2021-02-01,10.06,10.28,9.87,10.0,7528200
2021-02-02,10.0,10.28,9.89,10.26,6544600
2021-02-03,10.26,10.58,10.2,10.54,7054500
2021-02-04,10.54,10.58,10.43,10.58,4250800
2021-02-05,10.58,10.75,10.56,10.69,5610600
2021-02-08,10.69,10.79,10.2,10.32,5755400
2021-02-09,10.32,10.71,10.24,10.71,5954800
2021-02-17,10.8,11.07,10.77,11.03,6855800
2021-02-18,11.03,11.05,10.8,10.94,5547900
2021-02-19,10.88,11.69,10.84,11.67,31184200
2021-02-22,11.8,12.08,11.67,11.86,12587300
2021-02-23,11.95,12.1,11.8,11.89,13951000
2021-02-24,11.89,11.95,11.63,11.71,18685200
2021-02-25,11.82,12.18,11.67,12.16,15014200
2021-02-26,11.97,12.51,11.97,12.4,13071400
2021-03-01,12.53,12.55,12.34,12.48,8464900
2021-03-02,12.53,12.55,12.31,12.38,9574100
2021-03-03,12.34,12.55,12.27,12.48,9072300
2021-03-04,12.53,12.53,12.02,12.16,9814000
2021-03-05,12.04,12.23,11.86,12.18,10157000
2021-03-08,12.19,12.27,11.84,11.93,16047000
2021-03-09,11.78,12.12,11.67,12.02,8819900
2021-03-10,12.04,12.46,11.97,12.29,12152700
2021-03-11,12.38,12.42,12.29,12.38,7124300
2021-03-12,12.38,12.4,12.25,12.36,5195500
2021-03-15,12.38,12.7,12.23,12.57,18052500
2021-03-16,12.53,12.64,12.4,12.55,6112900
2021-03-17,12.53,12.59,12.46,12.57,6246400
2021-03-18,12.72,12.85,12.57,12.74,10281900
2021-03-19,12.72,12.83,12.64,12.68,7108900
2021-03-22,12.78,12.79,12.51,12.53,8706000
2021-03-23,12.59,12.59,12.31,12.38,10347000
2021-03-24,12.16,12.29,12.02,12.18,9941600
2021-03-25,12.19,12.23,11.97,12.02,8322000
2021-03-26,12.01,12.18,11.76,12.18,7931700
2021-03-29,12.34,12.42,12.16,12.38,6981300
2021-03-30,12.42,12.57,12.29,12.49,8053200
2021-03-31,12.57,12.68,12.48,12.49,4986100
2021-04-01,12.55,12.7,12.49,12.7,10439300
2021-04-02,12.83,13.13,12.76,13.0,13979400
2021-04-05,13.17,13.24,12.98,13.04,7433500
2021-04-06,13.02,13.11,12.81,13.04,7565000
2021-04-07,12.94,13.02,12.87,12.91,6400900
2021-04-08,12.89,13.02,12.83,12.91,4687900
2021-04-09,12.89,12.98,12.83,12.91,5401500
2021-04-12,12.98,13.21,12.92,13.19,12513500
2021-04-13,13.26,13.32,12.91,12.98,8736000
2021-04-14,12.87,13.04,12.81,12.98,5073300
2021-04-15,13.0,13.02,12.68,12.7,9686700
2021-04-16,12.68,12.78,12.27,12.42,8403400
2021-04-19,12.57,12.66,12.31,12.64,4291900
2021-04-20,12.76,12.91,12.46,12.61,7166900
2021-04-22,12.57,12.61,12.19,12.19,7843500
2021-04-23,12.16,12.55,12.04,12.53,6687700
2021-04-26,12.53,12.53,12.23,12.49,7119100
2021-04-27,12.38,12.76,12.25,12.76,6393000
2021-04-28,12.57,12.87,12.53,12.68,5675200
2021-04-29,12.68,13.0,12.61,13.0,16646300
2021-05-04,12.76,13.04,12.57,12.92,9333200
2021-05-05,12.98,13.45,12.98,13.24,17558400
2021-05-06,13.24,13.26,13.0,13.06,7783800
2021-05-07,12.94,13.28,12.94,13.21,12059100
2021-05-10,13.22,13.64,13.21,13.58,13491300
2021-05-11,13.66,13.66,13.43,13.43,9777000
2021-05-12,13.34,13.56,13.28,13.56,8991300
2021-05-13,13.43,13.86,13.39,13.58,11724300
2021-05-14,13.66,13.77,13.53,13.68,6118400
2021-05-17,13.88,13.96,13.68,13.71,9278700
2021-05-18,13.73,13.73,13.47,13.6,7881100
2021-05-19,13.58,13.77,13.47,13.73,8143500
2021-05-20,13.73,14.07,13.73,14.03,12263200
2021-05-21,14.03,14.37,13.99,14.07,9146500
2021-05-24,14.2,14.2,13.98,14.07,7546600
2021-05-25,14.07,14.35,13.99,14.26,8757400
2021-05-26,14.28,14.5,14.28,14.43,9976000
2021-05-27,14.44,14.69,14.22,14.33,9551700
2021-05-28,14.35,14.6,14.28,14.6,9416000
2021-05-31,14.82,15.55,14.63,15.53,16030300
2021-06-01,15.94,16.1,15.76,15.8,11159800
2021-06-02,16.0,16.73,15.94,16.73,16009600
2021-06-03,17.37,17.37,16.73,17.22,12265700
2021-06-04,16.88,17.22,16.88,17.0,9488100
2021-06-07,16.85,16.85,15.85,16.13,18505000
2021-06-08,15.96,16.28,15.08,15.08,14322800
2021-06-09,15.08,15.98,15.01,15.93,12565100
2021-06-10,16.18,16.58,15.99,15.99,14000300
2021-06-11,16.13,16.46,15.85,16.25,9532300
2021-06-14,16.25,16.37,15.88,15.99,10946100
2021-06-15,15.99,16.98,15.71,16.58,18178200
2021-06-16,16.58,16.62,16.18,16.27,8211200
2021-06-17,15.94,16.41,15.8,16.37,6392600
2021-06-18,16.51,16.65,16.37,16.41,9215200
2021-06-21,16.37,16.51,16.25,16.3,5447600
2021-06-22,16.51,16.88,16.34,16.72,14872000
2021-06-23,16.84,17.07,16.74,16.79,10244600
2021-06-24,16.88,17.09,16.7,16.98,11494200
2021-06-25,16.98,17.16,16.91,17.05,7934000
2021-06-28,17.21,17.26,17.02,17.21,7937700
2021-06-29,17.31,17.33,17.09,17.09,6677700
2021-06-30,17.05,17.12,16.7,16.74,9628000
2021-07-01,16.67,16.98,16.46,16.86,10393200
2021-07-02,17.02,17.07,16.88,16.93,6407100
2021-07-05,17.02,17.87,16.84,17.8,16668600
2021-07-06,17.82,17.92,16.88,16.88,10070000
2021-07-07,16.88,17.31,16.46,17.14,10121600
2021-07-08,17.14,17.45,16.88,16.98,7351900
2021-07-09,16.88,17.16,15.94,16.51,11315400
2021-07-12,16.18,16.3,15.36,15.36,18353700
2021-07-13,15.62,15.62,15.15,15.43,6672200
2021-07-14,15.43,15.48,14.58,14.89,10810500
2021-07-15,14.73,15.45,14.7,15.36,5095400
2021-07-16,15.55,15.76,15.38,15.76,5918800
2021-07-19,15.43,15.55,14.98,15.08,10019200
2021-07-20,15.24,15.9,15.01,15.9,8563400
2021-07-21,15.97,16.18,15.83,15.85,8179300
2021-07-22,15.85,16.13,15.57,15.99,7161900
2021-07-23,15.9,16.02,15.48,15.48,7433000
2021-07-26,15.29,15.52,15.03,15.34,7528400
2021-07-27,15.5,15.71,15.48,15.55,5634700
2021-07-28,15.57,15.76,15.5,15.55,4846400
2021-07-29,15.69,16.04,15.62,16.02,7638000
2021-07-30,16.09,16.95,16.09,16.95,35156000
2021-08-02,16.65,16.88,16.58,16.67,8646400
2021-08-03,16.62,16.79,16.41,16.79,8766300
2021-08-04,16.88,16.88,16.56,16.65,8466500
2021-08-05,16.58,16.93,16.56,16.88,13787200
2021-08-06,16.93,16.95,16.62,16.67,8620800
2021-08-09,16.6,17.28,16.48,17.12,19240200
2021-08-10,17.26,17.28,16.98,17.12,10457700
2021-08-11,17.12,17.24,16.88,16.88,16492300
2021-08-12,16.79,16.88,16.56,16.56,12147100
2021-08-13,16.51,16.62,16.09,16.58,15125200
2021-08-16,16.58,16.88,16.32,16.74,12056700
2021-08-17,16.88,16.98,16.6,16.7,8743100
2021-08-18,16.62,16.79,16.56,16.67,7096100
2021-08-19,16.65,16.67,16.39,16.56,9370500
2021-08-20,16.56,16.58,15.5,15.76,20952900
2021-08-23,15.71,15.76,15.01,15.01,15602700
2021-08-24,15.01,15.24,14.87,15.15,9084200
2021-08-25,15.1,15.24,14.96,15.22,4865700
2021-08-26,15.26,15.29,14.91,14.98,4944800
2021-08-27,14.87,14.94,14.44,14.89,8069600
2021-08-30,14.91,15.2,14.82,15.08,8029600
2021-08-31,15.24,15.29,15.01,15.01,5528600
2021-09-01,15.01,15.36,14.98,15.01,8715300
2021-09-06,15.1,15.15,14.98,15.03,7383200
2021-09-07,15.2,15.36,15.1,15.24,7963700
2021-09-08,15.24,15.36,15.05,15.08,4752900
2021-09-09,15.01,15.22,14.98,15.22,3431900
2021-09-10,15.24,15.26,15.12,15.15,4101100
2021-09-13,15.15,15.15,14.96,14.96,5199800
2021-09-14,14.94,15.01,14.77,14.77,4511400
2021-09-15,14.77,14.77,14.61,14.63,4979200
2021-09-16,14.66,14.8,14.63,14.68,3455500
2021-09-17,14.82,14.91,14.7,14.82,4572300
2021-09-20,15.01,15.15,14.94,15.05,6387800
2021-09-21,14.91,15.01,14.75,14.91,3882100
2021-09-22,14.91,15.01,14.82,14.82,2681700
2021-09-23,14.87,14.91,14.77,14.82,4210800
2021-09-24,14.91,15.08,14.82,15.01,6688700
2021-09-27,15.1,15.2,14.77,14.77,4801300
2021-09-28,14.77,14.89,14.73,14.82,2517400
2021-09-29,14.82,14.87,14.61,14.7,3615100
2021-09-30,14.7,14.82,14.68,14.8,4394800
2021-10-01,14.77,14.8,14.58,14.77,6441900
2021-10-04,14.68,14.73,14.35,14.54,5659000
2021-10-05,14.54,14.77,14.54,14.77,2912300
2021-10-06,14.8,14.84,14.58,14.7,3321300
2021-10-07,14.77,14.77,14.63,14.63,2161800
2021-10-08,14.73,14.8,14.66,14.75,3480900
2021-10-11,14.82,15.29,14.82,15.29,6684100
2021-10-12,15.43,15.43,15.2,15.29,3385300
2021-10-13,15.29,15.43,15.24,15.29,3709300
2021-10-14,15.29,15.34,15.1,15.15,4521600
2021-10-15,15.24,15.26,15.05,15.1,2976800
2021-10-18,15.17,15.29,15.01,15.01,4543400
2021-10-19,15.2,15.2,14.96,15.15,3615400
2021-10-20,15.15,15.31,14.91,15.15,3846400
2021-10-21,15.15,15.15,14.89,14.89,4132200
2021-10-22,14.96,14.98,14.75,14.82,3827100
2021-10-25,14.87,14.87,14.58,14.66,5200400
2021-10-26,14.66,14.66,14.44,14.58,5259100
2021-10-27,14.61,14.91,14.61,14.73,5828200
2021-10-28,14.84,14.94,14.77,14.94,4649100
2021-10-29,14.94,15.48,14.89,15.48,13597100
2021-11-01,15.38,15.43,15.2,15.34,5293300
2021-11-02,15.34,15.55,15.26,15.55,7009200
2021-11-03,15.62,15.99,15.59,15.88,13060100
2021-11-04,15.97,15.97,15.69,15.71,4197400
2021-11-05,15.85,15.85,15.62,15.71,3967400
2021-11-08,15.71,15.78,15.57,15.66,5385300
2021-11-09,15.66,15.85,15.64,15.69,5047900
2021-11-10,15.71,15.73,15.55,15.66,4367400
2021-11-11,15.62,15.73,15.24,15.48,7129400
2021-11-12,15.48,15.64,15.31,15.64,4376100
2021-11-15,15.66,15.76,15.59,15.66,4878900
2021-11-16,15.64,15.66,15.38,15.55,5211500
2021-11-17,15.55,15.71,15.38,15.62,4360500
2021-11-18,15.71,15.71,15.24,15.24,5497600
2021-11-19,15.34,15.9,15.26,15.69,9794000
2021-11-22,15.71,16.32,15.48,16.02,9151000
2021-11-23,16.06,16.09,15.8,15.92,3839600
2021-11-24,15.9,16.62,15.83,16.58,14295800
2021-11-25,16.65,16.67,16.39,16.48,7083400
2021-11-26,16.48,16.56,16.23,16.23,6209000
2021-11-29,15.85,16.09,15.85,16.02,6095500
2021-11-30,16.13,16.18,15.57,15.62,6145400
2021-12-01,15.52,15.71,15.5,15.71,3620400
2021-12-02,15.76,15.76,15.57,15.57,2645000
2021-12-03,15.66,15.73,15.26,15.26,4916300
2021-12-06,15.15,15.38,14.84,15.15,6499000
2021-12-07,15.24,15.45,15.05,15.45,2827600
2021-12-08,15.31,15.66,15.26,15.52,2900500
2021-12-09,15.48,15.62,15.38,15.62,2156000
2021-12-10,15.57,15.76,15.52,15.66,4730500
2021-12-13,15.73,15.85,15.62,15.66,3012700
2021-12-14,15.62,15.71,15.52,15.62,2128100
2021-12-15,15.52,15.73,15.5,15.66,2122900
2021-12-16,15.71,15.73,15.48,15.48,2305800
2021-12-17,15.55,15.62,15.5,15.57,2403500
2021-12-20,15.57,15.62,15.41,15.52,3296100
2021-12-21,15.45,15.45,15.38,15.38,2420400
2021-12-22,15.31,15.45,15.31,15.34,3385200
2021-12-23,15.29,15.31,15.01,15.24,4135300
2021-12-24,15.24,15.55,15.1,15.48,4372600
2021-12-27,15.62,15.62,15.43,15.55,2459500
2021-12-28,15.55,15.83,15.5,15.78,3477400
2021-12-29,15.88,16.04,15.8,15.85,3817200
2021-12-30,15.8,15.94,15.71,15.9,1819600
2021-12-31,15.94,16.2,15.94,16.18,5651800
2021-12-31,15.94,16.2,15.94,16.18,5651800
2022-01-04,16.32,16.32,16.06,16.13,4555000
2022-01-05,16.11,16.11,15.78,15.8,5934500
2022-01-06,15.71,15.94,15.52,15.83,5673700
2022-01-07,15.9,15.92,15.62,15.62,3323800
2022-01-10,15.48,15.66,15.45,15.48,5693200
2022-01-11,15.48,15.5,15.34,15.36,6395100
2022-01-12,15.34,15.73,15.26,15.52,7789000
2022-01-13,15.78,16.06,15.55,15.64,6511900
2022-01-14,15.64,15.69,15.48,15.5,1941100
2022-01-17,15.52,15.78,15.36,15.36,7284700
2022-01-18,15.36,15.5,15.15,15.38,4272600
2022-01-19,15.38,15.62,15.38,15.48,2104000
2022-01-20,15.48,15.55,15.34,15.45,3415900
2022-01-21,15.45,15.94,15.43,15.69,4404000
2022-01-24,15.71,16.37,15.71,16.11,13185100
2022-01-25,16.11,16.44,16.11,16.34,4282700
2022-01-26,16.41,16.86,16.41,16.62,8494500
2022-01-27,16.6,16.6,16.2,16.37,6064400
2022-01-28,16.37,16.41,16.13,16.2,10258100
2022-02-07,16.41,16.48,16.25,16.27,4548000
2022-02-08,16.27,16.88,16.27,16.77,32461200
2022-02-09,16.84,16.86,16.65,16.7,10149700
2022-02-10,16.7,16.79,16.58,16.67,7632500
2022-02-11,16.56,17.05,16.53,16.74,9575200
2022-02-14,16.6,16.7,15.94,15.94,13153200
2022-02-15,15.97,16.18,15.94,16.18,6631900
2022-02-16,16.27,16.27,15.94,16.04,5099500
2022-02-17,16.02,16.16,15.99,16.09,3913100
2022-02-18,15.99,16.06,15.8,15.88,7318400
2022-02-21,15.9,16.13,15.73,16.13,7285100
2022-02-22,15.94,16.27,15.76,16.27,8094700
2022-02-23,16.32,16.46,16.23,16.23,5857600
2022-02-24,16.11,16.23,15.69,16.16,8892700
2022-02-25,16.18,16.3,16.09,16.11,5508400
2022-02-28,16.09,16.11,15.9,15.9,3857100
2022-03-01,15.94,15.94,15.73,15.88,5610900
2022-03-02,15.8,15.94,15.43,15.43,13881600
2022-03-03,15.48,15.69,15.43,15.69,8167100
2022-03-04,15.66,16.09,15.48,16.09,6925100
2022-03-07,15.71,15.85,15.55,15.59,4694500
2022-03-08,15.48,15.57,15.26,15.29,7221800
2022-03-09,15.36,15.45,15.2,15.34,4172000
2022-03-10,15.48,15.66,15.43,15.43,2199800
2022-03-11,15.38,15.45,15.29,15.34,2714900
2022-03-14,15.24,15.38,15.22,15.34,2724900
2022-03-15,15.38,15.55,15.34,15.38,2750200
2022-03-16,15.43,15.5,15.31,15.38,3294200
2022-03-17,15.45,15.48,15.31,15.38,2620300
2022-03-18,15.48,15.52,15.38,15.38,2597000
2022-03-21,15.43,15.48,15.34,15.45,3302500
2022-03-22,15.48,15.66,15.48,15.62,3324000
2022-03-23,15.57,15.66,15.55,15.57,2060000
2022-03-24,15.5,15.57,15.41,15.43,2873100
2022-03-25,15.43,15.55,15.34,15.34,3338200
2022-03-28,15.34,15.38,15.15,15.17,4875800
2022-03-29,15.22,15.31,15.15,15.17,3664900
2022-03-30,15.2,15.43,15.15,15.29,4154500
2022-03-31,15.34,15.57,15.29,15.5,5523400
2022-04-01,15.5,15.66,15.48,15.66,5865500
2022-04-04,15.76,15.8,15.66,15.71,4794400
2022-04-05,15.66,15.66,15.45,15.48,4508400
2022-04-06,15.41,15.62,15.36,15.57,4156600
2022-04-07,15.66,16.02,15.59,15.76,9648900
2022-04-08,15.8,15.94,15.78,15.88,8904400
2022-04-12,15.88,15.88,15.64,15.69,4923200
2022-04-13,15.71,15.88,15.62,15.78,5053900
2022-04-14,15.78,16.02,15.76,15.85,4900700
2022-04-15,15.85,15.94,15.69,15.73,5388100
2022-04-18,15.71,15.76,15.38,15.38,5946400
2022-04-19,15.29,15.38,14.82,14.84,5244400
2022-04-20,14.87,15.1,14.84,14.96,4490500
2022-04-21,15.01,15.24,14.77,14.77,5899800
2022-04-22,14.87,15.29,14.87,15.15,5188800
2022-04-25,15.15,15.22,14.3,14.3,8242600
2022-04-26,14.3,14.66,14.07,14.49,6106000
2022-04-27,14.4,14.63,14.21,14.49,2831800
2022-04-28,14.35,14.63,14.35,14.54,1503700
2022-04-29,14.54,15.34,14.42,15.34,4640900
2022-05-04,15.12,15.24,14.89,14.89,2060200
2022-05-05,15.15,15.15,14.68,14.87,3209000
2022-05-06,14.63,14.91,14.47,14.54,1920300
2022-05-09,14.54,14.54,13.93,14.35,5176200
2022-05-10,14.21,14.54,14.02,14.44,3850100
2022-05-11,14.44,14.82,14.35,14.82,2319300
2022-05-12,14.4,14.66,13.84,13.84,3128000
2022-05-13,14.02,14.21,12.9,12.9,6142600
2022-05-16,12.97,13.46,12.9,12.94,5137600
2022-05-17,12.94,13.76,12.9,13.72,2617900
2022-05-18,13.93,13.95,13.51,13.58,3521100
2022-05-19,13.32,13.6,13.18,13.41,1856400
2022-05-20,13.41,13.74,13.41,13.62,1936000
2022-05-23,13.65,13.74,13.27,13.34,1187500
2022-05-24,13.51,13.51,13.2,13.51,1574100
2022-05-25,13.51,14.07,13.51,14.07,3815600
2022-05-26,14.26,14.3,14.07,14.23,2690700
2022-05-27,14.44,14.91,14.35,14.91,4910800
2022-05-30,15.01,15.01,14.77,14.98,2244200
2022-05-31,14.87,14.91,14.77,14.8,2348500
2022-06-01,14.91,14.91,14.58,14.58,3523400
2022-06-02,15.01,15.21,14.86,14.86,3745600
2022-06-03,14.95,15.01,14.6,14.83,1409500
2022-06-06,14.83,14.98,14.77,14.83,1698800
2022-06-07,14.83,14.83,14.24,14.63,2255000
2022-06-08,14.6,15.07,14.45,15.07,4494800
2022-06-09,15.12,15.18,14.68,15.1,3388400
2022-06-10,14.77,15.12,14.74,14.77,2278300
2022-06-13,14.66,14.66,13.95,14.01,3830300
2022-06-14,14.01,14.33,13.78,14.13,2049600
2022-06-15,14.33,14.36,13.54,13.84,3633100
2022-06-16,13.84,14.13,13.84,14.13,1925600
2022-06-17,13.78,13.98,13.4,13.54,3160900
2022-06-20,13.54,13.78,13.37,13.42,3956000
2022-06-21,13.19,13.6,13.19,13.48,2676500
2022-06-22,13.6,14.01,13.6,13.92,2532000
2022-06-23,13.72,13.98,13.51,13.92,2140900
2022-06-24,13.89,14.07,13.78,13.95,1588100
2022-06-27,13.95,14.16,13.86,14.04,2447600
2022-06-28,13.95,14.54,13.89,14.36,2995800
2022-06-29,14.19,14.36,14.07,14.19,1960600
2022-06-30,14.36,14.36,14.04,14.07,2088400
2022-07-01,13.98,14.1,13.78,14.1,1851900
2022-07-04,14.3,14.36,14.07,14.22,1823900
2022-07-05,14.33,14.42,14.22,14.33,2991000
2022-07-06,14.3,14.36,13.84,14.19,2017800
2022-07-07,14.24,14.36,14.13,14.16,2496700
2022-07-08,14.19,14.3,14.07,14.07,2016000
2022-07-11,13.98,14.07,13.78,13.78,1634700
2022-07-12,13.84,14.07,13.78,14.07,728100
2022-07-13,14.07,14.3,13.95,14.07,2126200
2022-07-14,13.95,14.16,13.95,14.1,1429400
2022-07-15,14.22,14.33,14.07,14.07,2642300
2022-07-18,14.13,14.19,14.01,14.01,2425000
2022-07-19,14.01,14.04,13.95,14.01,1507000
2022-07-20,14.13,14.28,14.01,14.24,3039300
2022-07-21,14.24,14.6,14.19,14.45,4313000
2022-07-22,14.45,14.54,14.28,14.28,2039400
2022-07-25,14.19,14.3,14.01,14.1,1850700
2022-07-26,14.07,14.22,14.07,14.1,1484900
2022-07-27,14.07,14.19,14.04,14.19,890000
2022-07-28,14.48,14.48,14.3,14.33,3347500
2022-07-29,14.39,14.48,14.33,14.42,3817300
2022-08-01,14.45,14.66,14.36,14.66,4455500
2022-08-02,14.66,14.68,14.48,14.6,3391300
2022-08-03,14.66,14.68,14.48,14.63,6081900
2022-08-04,14.66,14.8,14.6,14.66,4390100
2022-08-05,14.66,14.66,14.36,14.57,3272800
2022-08-08,14.54,14.66,14.45,14.51,3202100
2022-08-09,14.6,14.66,14.48,14.63,3553300
2022-08-10,14.63,14.68,14.51,14.57,1987700
2022-08-11,14.66,14.71,14.48,14.51,3442200
2022-08-12,14.48,14.57,14.42,14.54,1460000
2022-08-15,14.6,14.74,14.54,14.63,3154600
2022-08-16,14.6,14.63,14.45,14.57,3234500
2022-08-17,14.63,14.66,14.57,14.63,3350600
2022-08-18,14.63,14.8,14.54,14.74,5981500
2022-08-19,14.74,14.74,14.54,14.57,1909000
2022-08-22,14.54,14.54,14.42,14.45,2239300
2022-08-23,14.28,14.54,14.19,14.54,2385000
2022-08-24,14.48,14.6,14.45,14.57,2704900
2022-08-25,14.57,14.66,14.51,14.66,3631800
2022-08-26,14.71,14.83,14.51,14.54,3878700
2022-08-29,14.33,14.48,14.24,14.39,3218300
2022-08-30,14.42,14.57,14.39,14.39,2016400
2022-08-31,14.39,14.51,14.39,14.45,1967000
2022-09-05,14.39,14.51,14.33,14.36,2307700
2022-09-06,14.36,14.48,14.33,14.45,2405200
2022-09-07,14.36,14.42,14.24,14.24,3214400
2022-09-08,14.3,14.33,14.07,14.07,2080700
2022-09-09,14.19,14.19,13.92,14.07,2227900
2022-09-12,14.07,14.19,13.92,13.92,1416163
2022-09-13,14.01,14.07,13.84,13.95,1486664
2022-09-14,13.78,13.84,13.69,13.78,2113996
2022-09-15,13.84,13.84,13.75,13.81,1595118
2022-09-16,13.78,13.84,13.54,13.57,2125534
2022-09-19,13.57,13.6,13.31,13.4,2564500
2022-09-20,13.42,13.45,13.25,13.42,1912949
2022-09-21,13.4,13.4,13.25,13.25,1295851
2022-09-22,13.19,13.37,13.19,13.37,1831367
2022-09-23,13.28,13.45,13.25,13.25,1469851
2022-09-26,13.13,13.19,12.78,13.01,4550765
2022-09-27,13.01,13.16,12.96,13.13,1472619
2022-09-28,12.93,13.04,12.87,12.9,2515887
2022-09-29,12.98,12.98,12.84,12.9,3857767
2022-09-30,12.9,13.16,12.81,13.01,4224536
2022-10-03,12.93,13.07,12.49,12.66,3661299
2022-10-04,12.72,12.87,12.31,12.31,3474571
2022-10-05,12.37,12.58,12.19,12.19,3258561
2022-10-06,12.22,12.43,11.72,11.72,2851382
2022-10-07,11.46,11.67,10.9,10.93,8488826
2022-10-10,10.67,11.2,10.67,10.96,6476351
2022-10-11,10.96,10.96,10.23,10.26,6437148
2022-10-12,10.49,10.96,10.44,10.96,3369758
2022-10-13,10.96,11.7,10.84,11.7,3904225
2022-10-14,12.02,12.25,11.84,12.22,3141938
2022-10-17,11.9,12.31,11.87,12.28,3758133
2022-10-18,12.49,12.6,12.37,12.54,2769943
2022-10-19,12.66,12.66,12.31,12.37,1447729
2022-10-20,12.37,12.6,12.14,12.52,4025173
2022-10-21,12.52,12.52,11.87,11.96,3387430
2022-10-24,11.99,12.02,11.26,11.43,2800249
2022-10-25,11.55,12.22,11.23,11.96,4929285
2022-10-26,12.08,12.25,11.84,12.11,2170486
2022-10-27,12.14,12.93,12.02,12.93,4850442
2022-10-28,13.13,13.22,12.93,13.07,3555046
2022-10-31,13.1,13.19,12.69,13.13,3749851
2022-11-01,13.19,13.48,13.1,13.16,3357810
2022-11-02,13.13,13.16,12.78,12.78,3540680
2022-11-03,12.6,12.9,12.52,12.52,3281353
2022-11-04,12.52,12.54,11.7,11.81,12618670
2022-11-07,12.25,12.31,11.84,12.11,4911998
2022-11-08,12.08,12.75,11.81,12.49,4069171
2022-11-09,12.54,12.72,12.14,12.16,3280774
2022-11-10,12.11,12.25,11.43,11.72,5466448
2022-11-11,12.14,12.43,11.99,12.19,4327549
2022-11-14,12.02,12.14,11.7,11.9,5259075
2022-11-15,11.87,11.99,11.2,11.2,6566069
2022-11-16,11.08,11.96,10.49,11.96,7401581
2022-11-17,12.19,12.52,12.19,12.34,4307090
2022-11-18,12.19,12.58,12.08,12.4,3539064
2022-11-21,12.43,12.43,12.08,12.08,2280525
2022-11-22,11.96,12.52,11.93,11.93,4429308
2022-11-23,11.96,12.28,11.93,12.11,2553956
2022-11-24,12.08,12.43,11.96,12.31,2308018
2022-11-25,12.6,12.6,12.34,12.6,2832003
2022-11-28,12.66,13.04,12.63,13.04,5245203
2022-11-29,13.04,13.04,12.72,12.98,3945669
2022-11-30,13.04,13.16,12.78,12.96,4121813
2022-12-01,13.07,13.4,12.9,13.19,6816917
2022-12-02,13.19,13.78,12.98,13.78,4796603
2022-12-05,13.81,14.07,13.6,13.84,4719103
2022-12-06,13.84,13.92,13.07,13.07,5161772
2022-12-07,13.19,13.19,12.75,13.07,3297157
2022-12-08,13.16,13.95,12.96,13.28,4799496
2022-12-09,13.34,13.6,13.16,13.51,3322163
2022-12-12,13.51,13.66,13.19,13.19,3184172
2022-12-13,13.13,13.51,13.04,13.51,2695070
2022-12-14,13.54,13.75,13.34,13.57,3294738
2022-12-15,13.48,13.78,13.48,13.6,4116001
2022-12-16,13.48,13.72,13.4,13.48,2221946
2022-12-19,13.42,13.63,13.34,13.34,3384971
2022-12-20,13.34,13.42,13.01,13.22,2569365
2022-12-21,13.25,13.48,13.07,13.37,1888423
2022-12-22,13.48,13.48,13.34,13.42,1959813
2022-12-23,13.42,13.42,13.07,13.42,1736555
2022-12-26,13.42,13.42,12.96,12.96,1779728
2022-12-27,12.96,13.25,12.9,12.96,2041994
2022-12-28,12.96,13.16,12.87,12.9,1827577
2022-12-29,12.9,13.13,12.78,12.9,1810363
2022-12-30,12.9,13.01,12.78,12.84,1340931
2022-12-30,12.9,13.01,12.78,12.84,1340931
2023-01-03,12.9,13.31,12.87,13.31,1550148
2023-01-04,13.4,13.4,13.22,13.28,1643309
2023-01-05,13.34,13.48,13.28,13.4,2107285
2023-01-06,13.37,13.69,13.25,13.57,3407310
2023-01-09,13.69,13.69,13.45,13.54,1748795
2023-01-10,13.63,13.75,13.45,13.75,3062873
2023-01-11,13.84,14.33,13.75,14.19,5342324
2023-01-12,14.19,14.45,14.19,14.36,2883106
2023-01-13,14.42,14.54,14.16,14.16,2156614
2023-01-16,14.16,14.66,14.16,14.66,3541375
2023-01-17,14.68,14.92,14.63,14.83,3988618
2023-01-18,14.83,15.07,14.71,14.95,5439101
2023-01-19,14.95,15.24,14.92,15.24,5525817
2023-01-27,15.45,15.54,15.18,15.45,3758988
2023-01-30,15.42,15.45,14.89,14.89,5403319
2023-01-31,14.89,15.27,14.66,15.27,3485014
2023-02-01,15.3,15.39,14.71,14.77,3485902
2023-02-02,14.74,15.01,14.54,14.66,2886290
2023-02-03,14.66,14.8,14.3,14.36,9534382
2023-02-06,14.3,14.74,14.16,14.6,2397652
2023-02-07,14.66,14.71,14.3,14.42,2471469
2023-02-08,14.54,14.68,14.39,14.45,1924125
2023-02-09,14.45,14.71,14.36,14.36,3227424
2023-02-10,14.42,14.51,14.19,14.19,2009129
2023-02-13,14.16,14.16,13.95,14.01,2593039
2023-02-14,14.13,14.13,13.95,13.98,1439656
2023-02-15,14.01,14.45,13.92,14.39,3332041
2023-02-16,14.54,14.54,14.3,14.54,1625191
2023-02-17,14.57,14.63,14.39,14.54,1717468
2023-02-20,14.48,15.12,14.45,15.12,4907140
2023-02-21,15.12,15.24,14.95,14.95,1720729
2023-02-22,14.77,14.98,14.57,14.57,2654851
2023-02-23,14.51,14.95,14.22,14.89,3862411
2023-02-24,14.66,14.83,14.39,14.42,2228733
2023-02-27,14.36,14.42,14.13,14.22,3109431
2023-02-28,14.36,14.51,14.22,14.3,6149990
2023-03-01,14.3,14.77,14.19,14.74,2538293
2023-03-02,14.66,14.92,14.66,14.68,3339027
2023-03-03,14.68,14.83,14.36,14.36,2397060
2023-03-06,14.57,14.71,14.24,14.24,5225765
2023-03-07,14.51,14.66,14.24,14.36,4642941
2023-03-08,14.22,14.66,14.22,14.66,2786167
2023-03-09,14.66,14.92,14.6,14.86,3739916
2023-03-10,14.68,14.77,14.51,14.6,2423166
2023-03-13,14.51,14.63,14.28,14.36,4018921
2023-03-14,14.39,14.48,14.04,14.1,6767237
2023-03-15,14.42,14.54,14.33,14.54,1961634
2023-03-16,14.36,14.51,14.16,14.3,2499671
2023-03-17,14.39,14.45,14.28,14.28,1249647
2023-03-20,14.19,14.28,14.07,14.07,2457593
2023-03-21,14.3,14.3,13.98,14.19,1489101
2023-03-22,14.28,14.28,14.1,14.16,1862058
2023-03-23,14.13,14.42,14.04,14.36,7080550
2023-03-24,14.42,14.57,14.36,14.39,1683172
2023-03-27,14.42,14.51,14.28,14.33,2460164
2023-03-28,14.45,14.54,14.33,14.33,8288106
2023-03-29,14.36,14.42,14.28,14.3,15181219
2023-03-30,14.42,14.48,14.39,14.42,2122444
2023-03-31,14.48,14.8,14.45,14.66,5883708
2023-04-03,14.8,14.89,14.66,14.8,9968747
2023-04-04,14.8,14.86,14.68,14.74,7190534
2023-04-05,14.71,14.83,14.68,14.83,3320551
2023-04-06,14.89,14.92,14.6,14.6,4333371
2023-04-07,14.63,14.71,14.6,14.68,3144826
2023-04-10,14.71,14.74,14.57,14.66,3638803
2023-04-11,14.6,14.68,14.48,14.63,1598533
2023-04-12,14.66,14.68,14.54,14.57,3221563
2023-04-13,14.63,14.68,14.57,14.63,2520241
2023-04-14,14.68,14.71,14.57,14.63,5022906
2023-04-17,14.63,14.66,14.54,14.66,1649827
2023-04-18,14.66,14.66,14.51,14.51,2104707
2023-04-19,14.54,14.54,14.3,14.3,4596866
2023-04-20,14.36,14.39,14.19,14.22,2471896
2023-04-21,14.24,14.3,14.22,14.22,2473711
2023-04-24,14.24,14.33,14.13,14.19,2274897
2023-04-25,14.24,14.33,14.13,14.16,6174679
2023-04-26,14.16,14.19,14.04,14.16,3857901
2023-04-27,14.19,14.33,14.13,14.16,2182535
2023-04-28,14.19,14.3,14.16,14.19,9771508
2023-05-04,14.24,14.51,14.24,14.48,4305729
2023-05-05,14.36,14.51,14.36,14.45,2625328
2023-05-08,14.45,14.66,14.42,14.63,2305309
2023-05-09,14.66,14.68,14.54,14.6,3108187
2023-05-10,14.6,14.63,14.54,14.6,1961379
2023-05-11,14.66,14.71,14.54,14.6,2556201
2023-05-12,14.66,14.68,14.54,14.66,2348036
2023-05-15,14.77,14.83,14.63,14.66,6385662
2023-05-16,14.66,14.68,14.6,14.66,1463588
2023-05-17,14.66,14.74,14.57,14.6,3449491
2023-05-18,14.6,14.71,14.57,14.66,3353042
2023-05-19,14.68,14.68,14.51,14.63,4008117
2023-05-22,14.66,14.68,14.6,14.68,4585906
2023-05-23,14.77,15.01,14.66,14.86,21726379
2023-05-24,14.95,14.95,14.63,14.74,11051426
2023-05-25,14.77,14.77,14.6,14.71,8792333
2023-05-26,14.77,14.77,14.63,14.66,8563241
2023-05-29,14.71,14.83,14.66,14.74,16577082
2023-05-30,14.83,14.83,14.66,14.77,22599203
2023-05-31,14.77,14.89,14.66,14.89,29156480
2023-06-01,15.09,15.26,14.91,15.02,12769486
2023-06-02,15.09,15.51,15.05,15.3,15034657
2023-06-05,15.44,15.54,15.19,15.26,13849317
2023-06-06,15.3,15.34,15.23,15.3,9945382
2023-06-07,15.3,15.44,15.3,15.34,9182063
2023-06-08,15.3,15.37,15.16,15.16,9682980
2023-06-09,15.19,15.19,14.95,15.12,7469378
2023-06-12,15.19,15.19,14.98,15.05,4291860
2023-06-13,15.09,15.16,15.02,15.16,7973577
2023-06-14,15.19,15.37,15.16,15.19,8033115
2023-06-15,15.19,15.23,15.12,15.23,5407844
2023-06-16,15.23,15.51,15.16,15.3,14414202
2023-06-19,15.3,15.34,15.16,15.19,4660937
2023-06-20,15.19,15.23,15.09,15.19,5639608
2023-06-21,15.16,15.23,15.12,15.23,5484088
2023-06-22,15.26,15.37,15.19,15.19,7976555
2023-06-23,15.23,15.37,15.16,15.37,11435894
2023-06-26,15.58,15.79,15.44,15.62,11788268
2023-06-27,15.83,15.83,15.58,15.58,5623455
2023-06-28,15.58,15.72,15.51,15.65,8233359
2023-06-29,15.65,15.72,15.37,15.37,8154546
2023-06-30,15.37,15.48,15.3,15.48,5120663
2023-07-03,15.48,15.51,15.4,15.48,4031764
2023-07-04,15.4,15.48,15.37,15.44,4348820
2023-07-05,15.44,15.51,15.4,15.4,8126958
2023-07-06,15.4,15.44,15.19,15.23,6426967
2023-07-07,15.23,15.26,15.09,15.23,7145078
2023-07-10,15.26,15.51,15.23,15.4,9036932
2023-07-11,15.65,15.65,15.4,15.44,8851484
2023-07-12,15.58,15.58,15.3,15.34,5187652
2023-07-13,15.44,15.44,15.3,15.44,6743968
2023-07-14,15.48,15.51,15.3,15.44,6901344
2023-07-17,15.48,15.48,15.37,15.44,6536400
2023-07-18,15.37,15.44,15.34,15.44,6804309
2023-07-19,15.44,15.54,15.4,15.44,9572664
2023-07-20,15.44,15.48,15.37,15.44,6295568
2023-07-21,15.44,15.51,15.37,15.51,6693129
2023-07-24,15.51,15.58,15.4,15.48,6773899
2023-07-25,15.44,15.79,15.44,15.65,13720647
2023-07-26,15.65,15.76,15.58,15.65,5979075
2023-07-27,15.65,15.69,15.48,15.54,7216455
2023-07-28,15.58,15.72,15.48,15.58,8620038
2023-07-31,15.79,16.11,15.76,16.11,19225216
2023-08-01,16.32,16.32,15.97,16.04,13724041
2023-08-02,16.0,16.25,16.0,16.21,12414957
2023-08-03,16.18,16.49,16.14,16.46,17019126
2023-08-04,16.56,17.12,16.32,17.12,18679690
2023-08-07,16.81,16.88,16.56,16.67,28102625
2023-08-08,16.7,16.77,16.35,16.42,15277376
2023-08-09,16.42,16.56,16.25,16.28,15564910
2023-08-10,16.32,16.39,16.07,16.07,12699456
2023-08-11,16.11,16.14,15.86,16.07,9164105
2023-08-14,16.07,16.18,16.0,16.18,10446424
2023-08-15,16.25,16.32,16.04,16.04,6464684
2023-08-16,16.04,16.18,16.0,16.07,8402525
2023-08-17,16.11,16.14,15.93,15.93,10125955
2023-08-18,15.93,15.93,15.37,15.37,20459276
2023-08-21,15.34,15.58,15.34,15.44,7981455
2023-08-22,15.51,15.54,15.16,15.48,9072597
2023-08-23,15.58,15.65,15.34,15.34,5548662
2023-08-24,15.34,15.62,15.34,15.48,5315411
2023-08-25,15.44,15.48,15.34,15.4,5381608
2023-08-28,15.44,15.51,15.4,15.48,5160556
2023-08-29,15.48,15.58,15.4,15.48,5778718
2023-08-30,15.48,15.79,15.48,15.76,7229547
2023-08-31,15.76,15.86,15.76,15.86,7212305
2023-09-05,15.93,16.18,15.9,15.97,7634395
2023-09-06,15.97,16.11,15.86,16.11,4783873
2023-09-07,16.14,16.25,15.97,16.07,9860968
2023-09-08,16.07,16.11,15.93,15.97,5530112
2023-09-11,16.0,16.07,15.62,15.69,10542303
2023-09-12,15.69,15.97,15.58,15.97,6685987
2023-09-13,15.97,16.0,15.76,15.83,6942929
2023-09-14,15.79,16.0,15.72,15.76,6195761
2023-09-15,15.86,15.97,15.76,15.9,5253147
2023-09-18,15.86,15.9,15.65,15.76,4366920
2023-09-19,15.76,15.86,15.62,15.65,8083377
2023-09-20,15.65,15.83,15.62,15.76,5299737
2023-09-21,15.72,15.83,15.69,15.72,5430115
2023-09-22,15.58,15.79,15.51,15.65,9796600
2023-09-25,15.65,15.69,15.44,15.44,7626780
2023-09-26,15.48,15.62,15.34,15.37,9407620
2023-09-27,15.37,15.44,15.26,15.44,5688210
2023-09-28,15.34,15.44,15.23,15.26,4993734
2023-09-29,15.3,15.48,15.3,15.34,2341209
2023-10-02,15.3,15.4,15.23,15.37,3811689
2023-10-03,15.3,15.37,15.16,15.16,5510811
2023-10-04,15.12,15.23,15.09,15.16,3180528
2023-10-05,15.26,15.4,15.16,15.16,3353149
2023-10-06,15.16,15.37,15.12,15.3,2443603
2023-10-09,15.23,15.83,15.23,15.79,8982117
2023-10-10,15.79,16.04,15.79,16.0,6539860
2023-10-11,16.0,16.0,15.83,15.93,2847661
2023-10-12,15.93,16.07,15.79,15.93,5637015
2023-10-13,15.86,15.93,15.79,15.9,4694272
2023-10-16,15.83,15.93,15.72,15.86,4222196
2023-10-17,15.86,15.9,15.76,15.76,3659834
2023-10-18,15.76,15.76,15.48,15.48,6211436
2023-10-19,15.48,15.54,15.3,15.3,6211641
2023-10-20,15.3,15.51,15.3,15.37,3672592
2023-10-23,15.51,15.51,15.23,15.3,2400212
2023-10-24,15.4,15.51,15.3,15.37,2553217
2023-10-25,15.58,15.62,15.37,15.37,2489008
2023-10-26,15.26,15.26,14.7,14.81,12596859
2023-10-27,15.05,15.23,14.88,15.12,3182928
2023-10-30,15.16,15.19,14.95,14.95,3858926
2023-10-31,14.98,15.12,14.91,15.02,3491977
2023-11-01,15.02,15.19,14.98,15.16,4835157
2023-11-02,15.26,15.65,15.16,15.65,5152098
2023-11-03,15.65,15.72,15.48,15.48,4888965
2023-11-06,15.58,15.69,15.51,15.58,3792021
2023-11-07,15.51,15.62,15.51,15.51,2328126
2023-11-08,15.51,16.07,15.48,16.0,7915923
2023-11-09,16.07,16.07,15.83,15.83,4768580
2023-11-10,15.72,15.86,15.62,15.72,5051311
2023-11-13,15.76,15.86,15.58,15.76,3418479
2023-11-14,15.76,16.07,15.76,15.93,10306368
2023-11-15,16.14,16.49,16.11,16.32,32344213
2023-11-16,16.32,16.42,16.21,16.35,8085873
2023-11-17,16.42,16.42,15.83,15.93,12355370
2023-11-20,15.72,16.11,15.54,15.79,10211612
2023-11-21,15.9,16.0,15.79,15.86,3715213
2023-11-22,15.79,15.97,15.69,15.93,4395703
2023-11-23,15.93,15.97,15.58,15.58,5185123
2023-11-24,15.65,15.65,15.3,15.48,7901317
2023-11-27,15.48,15.51,15.34,15.34,3262375
2023-11-28,15.37,15.51,15.23,15.37,4189072
2023-11-29,15.44,15.69,15.44,15.48,4831388
2023-11-30,15.48,15.65,15.4,15.4,5245608
2023-12-01,15.54,15.54,15.26,15.4,5736667
2023-12-04,15.48,15.76,15.44,15.65,9044705
2023-12-05,15.65,15.76,15.48,15.54,3560224
2023-12-06,15.54,15.65,15.44,15.65,2794830
2023-12-07,15.65,15.79,15.58,15.72,7241320
2023-12-08,15.72,15.83,15.65,15.72,3815334
2023-12-11,15.76,15.79,15.62,15.72,2277359
2023-12-12,15.76,15.79,15.65,15.79,3230408
2023-12-13,15.79,15.83,15.65,15.65,3933379
2023-12-14,15.72,15.97,15.65,15.79,6949441
2023-12-15,15.86,16.04,15.83,15.97,6195129
2023-12-18,15.93,16.0,15.9,16.0,6390775
2023-12-19,16.0,16.21,16.0,16.18,11476459
2023-12-20,16.18,16.32,16.18,16.28,8865596
2023-12-21,16.28,16.32,16.18,16.32,7087055
2023-12-22,16.28,16.35,16.28,16.28,4512456
2023-12-25,16.32,16.46,16.28,16.39,7586810
2023-12-26,16.42,16.42,16.32,16.32,5731233
2023-12-27,16.28,16.42,16.28,16.35,4869398
2023-12-28,16.35,16.81,16.35,16.67,10526964
2023-12-29,16.77,16.91,16.7,16.77,9202991
2024-01-02,16.81,17.37,16.81,17.16,13896933
2024-01-03,17.2,17.55,17.02,17.55,9817807
2024-01-04,17.69,18.0,17.62,17.76,23605373
2024-01-05,17.76,17.86,17.58,17.86,9282598
2024-01-08,18.04,18.07,17.69,17.79,12398885
2024-01-09,17.72,17.79,17.51,17.55,15455964
2024-01-10,17.69,17.9,17.55,17.72,17610661
2024-01-11,17.83,18.07,17.65,17.72,9941849
2024-01-12,17.65,18.39,17.58,18.11,25574880
2024-01-15,18.25,18.25,17.76,17.76,11725544
2024-01-16,17.83,17.93,17.58,17.83,12385822
2024-01-17,17.86,18.11,17.79,17.83,9720759
2024-01-18,17.86,18.07,17.79,17.97,9616784
2024-01-19,18.11,18.21,18.0,18.21,12778025
2024-01-22,18.39,18.46,18.11,18.46,12010820
2024-01-23,18.42,18.56,18.28,18.28,11738886
2024-01-24,18.28,18.32,18.04,18.11,11347376
2024-01-25,18.14,18.18,17.97,18.11,5090360
2024-01-26,18.14,18.53,18.14,18.46,6861782
2024-01-29,18.6,18.6,18.21,18.21,9281301
2024-01-30,18.28,18.39,18.18,18.21,6383741
2024-01-31,18.32,18.32,17.93,18.07,12162755
2024-02-01,18.04,18.32,18.04,18.25,6284328
2024-02-02,18.21,18.46,18.14,18.42,14534871
2024-02-05,18.42,19.65,18.35,19.51,28138723
2024-02-06,19.55,19.58,19.4,19.55,5454327
2024-02-07,19.55,19.79,19.55,19.65,11903453
2024-02-15,19.69,19.93,19.09,19.09,14255094
2024-02-16,19.3,19.37,19.16,19.37,9502568
2024-02-19,19.44,19.44,19.09,19.44,11864502
2024-02-20,19.3,19.48,19.2,19.34,7321603
2024-02-21,19.3,19.58,19.23,19.44,10257725
2024-02-22,19.44,19.48,19.3,19.4,7407861
2024-02-23,19.44,19.93,19.16,19.16,25987605
2024-02-26,19.16,19.44,19.02,19.3,9791428
2024-02-27,19.44,19.44,19.2,19.37,12061563
2024-02-28,19.4,19.65,19.34,19.65,10465608
2024-02-29,19.72,19.83,19.44,19.65,9960379
2024-03-01,19.65,19.65,19.34,19.51,10201609
2024-03-04,19.51,19.79,19.23,19.51,13224034
2024-03-05,19.51,19.65,19.34,19.62,6339771
2024-03-06,19.65,19.76,19.34,19.37,9799350
2024-03-07,19.37,19.44,19.23,19.3,10171157
2024-03-08,19.3,19.4,18.95,18.98,23024715
2024-03-11,18.98,19.02,18.7,18.77,12023089
2024-03-12,18.7,18.84,18.67,18.77,8318885
2024-03-13,18.77,19.4,18.77,19.4,8940425
2024-03-14,19.37,19.37,18.98,19.12,8232737
2024-03-15,19.12,19.23,18.95,19.2,7828640
2024-03-18,19.09,19.2,18.74,18.88,14127772
2024-03-19,18.81,18.98,18.77,18.84,7125247
2024-03-20,18.84,19.44,18.81,19.3,14010312
2024-03-21,19.44,19.65,19.34,19.65,12824070
2024-03-22,19.83,20.32,19.58,19.76,22688584
2024-03-25,19.69,19.69,19.3,19.3,10196791
2024-03-26,19.37,19.62,19.2,19.62,6287467
2024-03-27,19.62,19.69,19.37,19.65,5962845
2024-03-28,19.86,20.07,19.79,19.9,12429800
2024-03-29,19.93,20.11,19.76,20.0,13496333
2024-04-01,19.79,20.0,19.72,19.97,6180472
2024-04-02,19.86,19.93,19.58,19.93,10414778
2024-04-03,19.79,19.93,19.58,19.65,10205483
2024-04-04,19.69,19.69,19.34,19.34,11161719
2024-04-05,19.16,19.23,19.02,19.05,12293515
2024-04-08,19.05,19.12,18.91,19.05,6874403
2024-04-09,19.05,19.16,18.98,19.16,5374934
2024-04-10,19.26,19.37,19.02,19.02,5127160
2024-04-11,18.95,19.05,18.88,19.05,11290085
2024-04-12,19.09,19.65,18.95,19.65,9772642
2024-04-15,19.51,19.65,18.84,18.84,16263243
2024-04-16,18.84,19.05,18.77,19.05,17356891
2024-04-17,19.09,19.12,18.77,18.77,10485319
2024-04-19,18.67,18.81,18.56,18.67,10866833
2024-04-22,18.88,18.91,18.74,18.81,6317643
2024-04-23,18.81,18.91,18.63,18.7,8544832
2024-04-24,18.81,19.02,18.74,18.98,6684776
2024-04-25,18.95,18.98,18.77,18.81,5144590
2024-04-26,18.81,18.95,18.67,18.84,5446804
2024-05-02,18.84,19.05,18.81,18.95,4801959
2024-05-03,19.02,19.3,19.02,19.3,8722742
2024-05-06,19.3,19.44,19.2,19.37,7449978
2024-05-07,19.48,19.51,19.3,19.4,4305048
2024-05-08,19.3,19.4,19.16,19.34,4040821
2024-05-09,19.37,19.51,19.3,19.37,4105414
2024-05-10,19.37,19.44,19.26,19.44,4913057
2024-05-13,19.65,19.65,19.4,19.44,5555670
2024-05-14,19.44,19.58,19.4,19.48,4474265
2024-05-15,19.55,19.55,19.44,19.44,7807457
2024-05-16,19.65,19.93,19.51,19.83,30211993
2024-05-17,19.83,19.93,19.79,19.83,8509864
2024-05-20,20.0,20.04,19.79,19.83,9339952
2024-05-21,19.83,19.86,19.55,19.79,10828854
2024-05-22,19.79,19.83,19.58,19.62,9288338
2024-05-23,19.65,20.0,19.65,19.97,10454272
2024-05-24,19.97,21.2,19.83,20.53,33867112
2024-05-27,20.7,20.95,20.53,20.67,7541858
2024-05-28,20.84,20.84,20.56,20.81,10694176
2024-05-29,20.84,20.88,20.53,20.53,13456310
2024-05-30,20.46,20.63,20.25,20.63,13118384
2024-05-31,20.89,21.14,20.6,20.6,11139289
2024-06-03,20.76,20.85,20.55,20.72,16257238
2024-06-04,20.72,20.72,20.43,20.47,9735560
2024-06-05,20.68,20.68,20.3,20.34,10801981
2024-06-06,20.39,20.47,20.3,20.34,8033240
2024-06-07,20.51,20.6,20.3,20.55,5892570
2024-06-10,20.55,20.64,20.3,20.39,7679882
2024-06-11,20.39,20.43,20.14,20.18,9213280
2024-06-12,20.18,20.51,19.97,20.51,10400953
2024-06-13,20.51,20.8,20.39,20.72,11727801
2024-06-14,20.64,20.8,20.55,20.55,11049165
2024-06-17,20.55,20.55,20.26,20.51,6375848
2024-06-18,20.64,20.64,20.39,20.51,5729760
2024-06-19,20.51,20.64,20.26,20.6,7618993
2024-06-20,20.51,20.76,20.39,20.72,10178313
2024-06-21,20.76,20.76,20.47,20.51,5126289
2024-06-24,20.55,20.55,19.97,20.14,14225312
2024-06-25,20.05,20.22,19.97,20.09,6708386
2024-06-26,20.05,20.14,19.72,20.14,10145262
2024-06-27,20.05,20.14,19.89,20.01,4904878
2024-06-28,19.89,20.05,19.84,19.89,5755042
2024-07-01,19.89,19.93,19.72,19.89,3938961
2024-07-02,19.89,20.14,19.8,20.09,5701649
2024-07-03,20.18,20.39,20.01,20.26,5854818
2024-07-04,20.3,20.34,20.01,20.18,6394551
2024-07-05,20.18,20.3,20.05,20.3,6357111
2024-07-08,20.3,20.34,20.14,20.26,4959392
2024-07-09,20.18,20.39,20.09,20.3,8004908
2024-07-10,20.47,20.47,20.26,20.26,6484698
2024-07-11,20.34,20.34,20.18,20.18,5001133
2024-07-12,20.14,20.18,19.89,20.05,7160694
2024-07-15,20.05,20.09,19.97,20.01,4490958
2024-07-16,20.05,20.3,20.01,20.14,7002765
2024-07-17,20.3,21.06,20.22,20.47,28924392
2024-07-18,20.47,20.97,20.47,20.72,10670220
2024-07-19,20.72,21.14,20.6,20.97,17087130
2024-07-22,20.97,21.06,20.6,20.68,15163392
2024-07-23,20.72,20.8,20.05,20.05,15116634
2024-07-24,20.05,20.39,19.89,20.22,12261810
2024-07-25,20.18,20.18,19.89,20.09,7164193
2024-07-26,20.14,20.18,20.05,20.14,3453662
2024-07-29,20.3,20.3,20.09,20.18,4109383
2024-07-30,20.05,20.18,20.01,20.18,5494866
2024-07-31,20.22,20.51,20.14,20.51,8556266
2024-08-01,20.47,20.55,20.01,20.01,9183311
2024-08-02,19.97,20.05,19.76,20.01,13718492
2024-08-05,19.72,19.93,19.34,19.38,20100624
2024-08-06,19.63,19.76,19.42,19.63,8029731
2024-08-07,19.72,19.72,19.47,19.55,4407675
2024-08-08,19.42,19.63,19.42,19.42,3655058
2024-08-09,19.55,19.72,19.47,19.72,3012436
2024-08-12,19.72,19.89,19.47,19.89,4203077
2024-08-13,19.68,19.89,19.63,19.72,2854856
2024-08-14,19.8,19.89,19.68,19.68,3321023
2024-08-15,19.68,19.72,19.59,19.63,2660430
2024-08-16,19.63,20.05,19.63,20.05,6524010
2024-08-19,20.05,20.18,20.01,20.09,3843540
2024-08-20,20.09,20.3,20.05,20.14,5422431
2024-08-21,20.09,20.39,20.09,20.39,6563393
2024-08-22,20.47,20.51,20.3,20.39,6795952
2024-08-23,20.39,20.47,20.26,20.43,3899558
2024-08-26,20.51,20.51,20.39,20.43,4928433
2024-08-27,20.43,20.47,20.39,20.43,4159515
2024-08-28,20.47,20.51,20.39,20.47,5228038
2024-08-29,20.51,20.8,20.51,20.6,8594985
2024-08-30,20.6,20.72,20.6,20.72,4489249
2024-09-04,20.47,20.64,20.43,20.6,5639763
2024-09-05,20.6,20.64,20.43,20.47,3540918
2024-09-06,20.47,20.55,20.43,20.55,5008937
2024-09-09,20.51,20.55,20.3,20.43,4691162
2024-09-10,20.43,20.51,20.14,20.26,6138609
2024-09-11,20.18,20.26,20.14,20.18,3589050
2024-09-12,20.26,20.47,20.22,20.43,2621199
2024-09-13,20.39,20.43,20.26,20.39,2374108
2024-09-16,20.39,20.51,20.18,20.18,3717063
2024-09-17,20.18,20.47,20.14,20.47,4081633
2024-09-18,20.47,20.68,20.34,20.6,8725286
2024-09-19,20.68,20.76,20.55,20.72,5224618
2024-09-20,20.8,21.56,20.8,21.43,34336295
2024-09-23,21.47,21.72,21.39,21.43,8585132
2024-09-24,21.43,21.56,21.22,21.56,12786286
2024-09-25,21.72,21.89,21.56,21.89,23028936
2024-09-26,21.97,22.02,21.72,21.72,18186603
2024-09-27,21.72,22.06,21.64,21.64,10816416
2024-09-30,21.47,21.68,21.47,21.51,8463727
2024-10-01,21.51,21.85,21.51,21.51,10417047
2024-10-02,21.47,21.81,21.39,21.56,10118989
2024-10-03,21.68,21.97,21.47,21.47,14808112
2024-10-04,21.47,21.51,21.22,21.22,8670214
2024-10-07,21.3,21.47,21.18,21.26,6775964
2024-10-08,21.3,21.43,21.18,21.3,6528035
2024-10-09,21.39,21.93,21.35,21.93,20014266
2024-10-10,22.06,22.14,21.76,21.89,9087762
2024-10-11,21.81,21.85,21.64,21.81,6565661
2024-10-14,21.85,21.93,21.68,21.68,9033561
2024-10-15,21.68,21.89,21.56,21.6,7115715
2024-10-16,21.51,21.6,21.39,21.51,5401467
2024-10-17,21.64,21.85,21.51,21.85,9200056
2024-10-18,21.93,22.14,21.68,21.81,11497656
2024-10-21,21.72,21.81,21.56,21.56,5537752
2024-10-22,21.56,21.6,21.22,21.22,12123912
2024-10-23,21.22,21.35,21.01,21.22,7707474
2024-10-24,21.22,21.26,20.89,20.89,8933983
2024-10-25,20.89,20.97,20.76,20.8,9226582
2024-10-28,20.8,21.01,20.68,21.01,5000754
2024-10-29,21.14,21.14,20.97,21.06,4181333
2024-10-30,21.06,21.1,20.85,20.97,3876354
2024-10-31,20.97,21.26,20.93,21.22,5077809
2024-11-01,21.14,21.22,20.8,20.8,7860339
2024-11-04,20.89,20.93,20.6,20.68,9123996
2024-11-05,20.72,20.8,20.68,20.68,3068254
2024-11-06,20.8,21.06,20.72,20.97,6246056
2024-11-07,21.06,21.14,20.8,20.97,4846687
2024-11-08,20.97,21.06,20.68,20.8,8226830
2024-11-11,20.8,20.89,20.6,20.76,6748424
2024-11-12,20.72,20.85,20.6,20.76,4147541
2024-11-13,20.72,20.8,20.55,20.8,6394310
2024-11-14,20.6,20.76,20.51,20.51,5798457
2024-11-15,20.51,20.55,20.3,20.39,9284110
2024-11-18,20.39,20.55,20.14,20.47,8112732
2024-11-19,20.47,20.51,20.3,20.3,5787839
2024-11-20,20.22,20.51,20.18,20.47,6242481
2024-11-21,20.47,20.76,20.26,20.76,7585401
2024-11-22,20.76,20.85,20.6,20.85,5698260
2024-11-25,20.85,20.89,20.72,20.8,4112332
2024-11-26,20.8,20.97,20.76,20.89,3562709
2024-11-27,20.85,21.06,20.85,20.93,2748008
2024-11-28,21.01,21.06,20.85,21.01,4596147
2024-11-29,21.01,21.06,20.89,21.06,3883425
2024-12-02,21.1,21.18,20.93,21.01,2490927
2024-12-03,21.06,21.06,20.85,20.89,6131057
2024-12-04,20.85,20.93,20.76,20.93,4619546
2024-12-05,20.89,21.47,20.85,21.47,8272544
2024-12-06,21.3,21.51,21.3,21.43,6054365
2024-12-09,21.39,21.43,21.18,21.3,5418974
2024-12-10,21.3,21.3,21.18,21.18,3403008
2024-12-11,21.18,21.3,21.06,21.22,8832805
2024-12-12,21.22,21.3,21.1,21.14,5867353
2024-12-13,21.14,21.14,20.97,21.01,6044475
2024-12-16,21.01,21.1,20.93,21.01,5165719
2024-12-17,21.1,21.1,20.93,21.06,3331723
2024-12-18,21.1,21.1,20.97,21.01,3385137
2024-12-19,20.93,20.93,20.64,20.72,9720556
2024-12-20,20.76,20.8,20.68,20.72,4729595
2024-12-23,20.76,20.85,20.72,20.8,3469073
2024-12-24,20.8,20.89,20.72,20.89,3233697
2024-12-25,20.89,21.39,20.85,21.26,9518178
2024-12-26,21.26,21.35,21.22,21.35,5583577
2024-12-27,21.39,21.47,21.3,21.35,7694895
2024-12-30,21.18,21.43,21.18,21.22,5004572
2024-12-31,21.22,21.56,21.18,21.56,8844727
2024-10-23,21.22,21.35,21.01,21.22,7707474
2024-10-24,21.22,21.26,20.89,20.89,8933983
2024-10-25,20.89,20.97,20.76,20.8,9226582
2024-10-28,20.8,21.01,20.68,21.01,5000754
2024-10-29,21.14,21.14,20.97,21.06,4181333
2024-10-30,21.06,21.1,20.85,20.97,3876354
2024-10-31,20.97,21.26,20.93,21.22,5077809
2024-11-01,21.14,21.22,20.8,20.8,7860339
2024-11-04,20.89,20.93,20.6,20.68,9123996
2024-11-05,20.72,20.8,20.68,20.68,3068254
2024-11-06,20.8,21.06,20.72,20.97,6246056
2024-11-07,21.06,21.14,20.8,20.97,4846687
2024-11-08,20.97,21.06,20.68,20.8,8226830
2024-11-11,20.8,20.89,20.6,20.76,6748424
2024-11-12,20.72,20.85,20.6,20.76,4147541
2024-11-13,20.72,20.8,20.55,20.8,6394310
2024-11-14,20.6,20.76,20.51,20.51,5798457
2024-11-15,20.51,20.55,20.3,20.39,9284110
2024-11-18,20.39,20.55,20.14,20.47,8112732
2024-11-19,20.47,20.51,20.3,20.3,5787839
2024-11-20,20.22,20.51,20.18,20.47,6242481
2024-11-21,20.47,20.76,20.26,20.76,7585401
2024-11-22,20.76,20.85,20.6,20.85,5698260
2024-11-25,20.85,20.89,20.72,20.8,4112332
2024-11-26,20.8,20.97,20.76,20.89,3562709
2024-11-27,20.85,21.06,20.85,20.93,2748008
2024-11-28,21.01,21.06,20.85,21.01,4596147
2024-11-29,21.01,21.06,20.89,21.06,3883425
2024-12-02,21.1,21.18,20.93,21.01,2490927
2024-12-03,21.06,21.06,20.85,20.89,6131057
2024-12-04,20.85,20.93,20.76,20.93,4619546
2024-12-05,20.89,21.47,20.85,21.47,8272544
2024-12-06,21.3,21.51,21.3,21.43,6054365
2024-12-09,21.39,21.43,21.18,21.3,5418974
2024-12-10,21.3,21.3,21.18,21.18,3403008
2024-12-11,21.18,21.3,21.06,21.22,8832805
2024-12-12,21.22,21.3,21.1,21.14,5867353
2024-12-13,21.14,21.14,20.97,21.01,6044475
2024-12-16,21.01,21.1,20.93,21.01,5165719
2024-12-17,21.1,21.1,20.93,21.06,3331723
2024-12-18,21.1,21.1,20.97,21.01,3385137
2024-12-19,20.93,20.93,20.64,20.72,9720556
2024-12-20,20.76,20.8,20.68,20.72,4729595
2024-12-23,20.76,20.85,20.72,20.8,3469073
2024-12-24,20.8,20.89,20.72,20.89,3233697
2024-12-25,20.89,21.39,20.85,21.26,9518178
2024-12-26,21.26,21.35,21.22,21.35,5583577
2024-12-27,21.39,21.47,21.3,21.35,7694895
2024-12-30,21.18,21.43,21.18,21.22,5004572
2024-12-31,21.22,21.56,21.18,21.56,8844727
2025-01-02,21.39,21.47,21.22,21.39,4571487
2025-01-03,21.3,21.35,20.97,20.97,5022490
2025-01-06,20.89,20.93,20.68,20.72,12058848
2025-01-07,20.72,20.93,20.72,20.89,5028704
2025-01-08,20.89,20.89,20.72,20.89,4091798
2025-01-09,20.85,20.89,20.76,20.85,3842684
2025-01-10,20.8,20.85,20.64,20.64,4714444
2025-01-13,20.47,20.76,20.47,20.68,4628922
2025-01-14,20.68,20.72,20.47,20.6,5066348
2025-01-15,20.76,20.85,20.6,20.8,7428403
2025-01-16,20.76,20.93,20.64,20.76,5009160
2025-01-17,20.76,20.89,20.72,20.85,2381475
2025-01-20,20.85,20.93,20.72,20.89,4008919
2025-01-21,20.93,20.97,20.76,20.85,4346037
2025-01-22,20.89,20.89,20.72,20.76,2791121
2025-01-23,20.8,21.22,20.8,21.14,8900937
2025-01-24,21.06,21.3,21.06,21.18,4902907
2025-02-03,20.93,21.14,20.8,20.97,4775193
2025-02-04,21.1,21.18,20.93,21.1,4908445
2025-02-05,21.1,21.22,21.06,21.22,7496156
2025-02-06,21.3,21.43,21.22,21.3,5599437
2025-02-07,21.3,21.56,21.22,21.47,9881521
2025-02-10,21.43,21.85,21.3,21.56,14041424
2025-02-11,21.6,21.68,21.47,21.6,5425579
2025-02-12,21.64,21.72,21.43,21.43,6795165
2025-02-13,21.43,21.51,21.35,21.47,5754059
2025-02-14,21.68,21.68,21.47,21.51,8144062
2025-02-17,21.68,21.68,21.51,21.56,5739729
2025-02-18,21.56,21.72,21.51,21.51,5161936
2025-02-19,21.51,21.64,21.47,21.56,5032732
2025-02-20,21.6,21.68,21.51,21.68,5714509
2025-02-21,21.72,22.02,21.68,21.89,12727607
2025-02-24,21.76,21.93,21.76,21.85,6403121
2025-02-25,21.85,21.93,21.72,21.72,6482543
2025-02-26,21.76,21.81,21.68,21.68,5061653
2025-02-27,21.72,21.81,21.6,21.81,5661613
2025-02-28,21.72,21.89,21.56,21.72,5475462
2025-03-03,21.72,21.76,21.56,21.72,5603548
2025-03-04,21.64,21.89,21.56,21.85,9964154
2025-03-05,21.97,22.27,21.85,21.85,11678487
2025-03-06,21.93,22.06,21.85,22.06,5076489
2025-03-07,22.14,22.39,22.02,22.27,10713039
2025-03-10,22.31,22.35,22.06,22.1,8502331
2025-03-11,21.97,22.1,21.81,22.1,9147708
2025-03-12,22.14,22.31,21.89,21.97,7803709
2025-03-13,22.02,22.1,21.81,21.81,8893622
2025-03-14,21.89,21.89,21.64,21.72,11556328
2025-03-17,21.81,21.93,21.72,21.89,5668733
2025-03-18,21.97,22.18,21.93,21.97,6013116
2025-03-19,21.97,21.97,21.76,21.89,7918115
2025-03-20,22.06,22.1,21.85,21.93,4867372
2025-03-21,21.93,21.97,21.81,21.81,4134448
2025-03-24,21.93,22.02,21.76,22.02,7892882
2025-03-25,22.06,22.1,21.85,21.97,5602227
2025-03-26,21.97,22.1,21.81,21.85,7438634
2025-03-27,21.72,21.89,21.68,21.72,6652466
2025-03-28,21.72,21.76,21.6,21.68,9733296
2025-03-31,21.6,21.72,21.56,21.72,9131468
2025-04-01,21.72,21.76,21.64,21.76,3053865
2025-04-02,21.81,21.89,21.64,21.68,7486376
2025-04-03,21.01,21.18,20.18,20.18,39712531
2025-04-04,18.97,19.89,18.8,19.89,72266023
2025-04-08,19.3,19.47,18.51,18.51,43698654
2025-04-09,17.34,19.09,17.34,18.21,36870654
2025-04-10,19.47,19.47,19.47,19.47,998409
2025-04-11,20.72,20.8,20.01,20.76,36003333
2025-04-14,20.76,21.18,20.55,20.72,19376382
2025-04-15,20.55,20.64,20.14,20.14,14735620
2025-04-16,20.43,20.64,20.18,20.3,11039955
2025-04-17,20.47,20.51,20.14,20.3,10144966
2025-04-18,20.47,20.68,20.43,20.47,11002228
2025-04-21,20.34,20.47,20.14,20.14,7252345
2025-04-22,20.3,20.39,18.92,20.14,13618261
2025-04-23,20.55,20.55,20.18,20.55,6836486
2025-04-24,20.39,20.51,20.18,20.18,6482453
2025-04-25,20.39,20.39,19.97,19.97,13363678
2025-04-28,20.09,20.09,19.93,20.01,4010687
2025-04-29,20.01,20.22,20.01,20.09,3585900
2025-05-05,20.26,20.26,20.05,20.09,4634617
2025-05-06,20.09,20.22,20.05,20.05,8439743
2025-05-07,20.22,20.22,20.01,20.05,7763237
2025-05-08,20.14,20.18,20.01,20.18,7289142
2025-05-09,20.43,20.43,20.14,20.18,5623805
2025-05-12,20.26,20.43,20.18,20.39,9196976
2025-05-13,20.51,20.64,20.43,20.55,9657205
2025-05-14,20.6,20.85,20.6,20.72,10926698
2025-05-15,21.3,21.43,20.97,21.35,24662474
2025-05-16,21.47,21.47,21.26,21.26,10707692
2025-05-19,21.26,21.47,21.14,21.22,13928516
2025-05-20,21.3,21.43,21.22,21.39,11033544
2025-05-21,21.51,21.64,21.39,21.43,12374545
2025-05-22,21.47,21.51,21.3,21.35,18047416
2025-05-23,21.55,21.6,21.45,21.6,11984361
2025-05-26,21.6,21.65,21.1,21.5,9963400
2025-05-27,21.6,21.6,21.4,21.45,9336007
2025-05-28,21.5,21.55,21.35,21.4,7876823
2025-05-29,21.45,21.5,21.3,21.3,9082800
2025-05-30,21.3,21.35,21.1,21.1,7933184
2025-06-02,21.1,21.2,21.0,21.1,8200572
2025-06-03,21.15,21.3,21.15,21.25,7288890
2025-06-04,21.3,21.35,21.1,21.1,5699110
2025-06-05,21.15,21.2,21.0,21.0,5332029
2025-06-06,21.05,21.2,21.0,21.0,6801445
2025-06-09,21.0,21.05,20.9,20.95,5723393
2025-06-10,21.05,21.05,20.9,20.95,5728023
2025-06-11,21.0,21.05,20.9,20.95,3589298
2025-06-12,21.05,21.15,20.95,21.05,6553441
2025-06-13,21.0,21.35,20.9,21.05,10066277
2025-06-16,21.0,21.3,20.95,21.3,8998043
2025-06-17,21.4,21.45,21.15,21.2,7039853
2025-06-18,21.2,21.35,21.15,21.3,7436898
2025-06-19,21.3,21.35,21.15,21.3,7286706
2025-06-20,21.3,21.75,21.3,21.45,15766671
2025-06-23,21.4,21.45,21.25,21.35,8994332
2025-06-24,21.45,21.6,21.3,21.3,8582693
2025-06-25,21.35,21.45,21.25,21.25,7782378
2025-06-26,21.3,21.35,21.15,21.2,9905786
2025-06-27,21.3,21.3,21.15,21.2,6321843
2025-06-30,21.25,21.3,21.15,21.3,5868454
2025-07-01,21.3,21.4,21.25,21.3,7539134
2025-07-02,21.3,21.45,21.25,21.3,7639796
2025-07-03,21.35,21.6,21.3,21.4,15138870
2025-07-04,21.45,22.2,21.45,21.85,26970669
2025-07-07,22.05,22.35,21.9,22.25,17384438
2025-07-08,22.4,22.4,22.1,22.25,14709246
2025-07-09,22.25,22.5,22.25,22.45,18749781
2025-07-10,22.65,22.7,22.4,22.55,9160722
2025-07-11,22.55,22.75,22.5,22.7,16019514
2025-07-14,22.75,22.85,22.35,22.7,12333287
2025-07-15,22.7,22.8,22.45,22.45,12711333
2025-07-16,22.45,22.55,22.3,22.45,10956208
2025-07-17,22.45,22.55,22.4,22.45,15133270
2025-07-18,22.5,22.75,22.4,22.65,17870291
2025-07-21,22.7,23.1,22.65,22.85,17165356
2025-07-22,22.85,22.9,22.6,22.9,12055524
2025-07-23,23.05,23.15,22.9,23.0,15223260
2025-07-24,23.15,23.5,23.1,23.2,15188090
2025-07-25,23.45,23.7,23.45,23.6,17577779
2025-07-28,23.7,23.85,23.5,23.85,16899258
2025-07-29,23.9,23.95,22.75,22.75,34057406
2025-07-30,22.75,23.1,22.7,23.0,15022479
2025-07-31,23.2,23.25,22.7,23.0,10618445
2025-08-01,23.0,23.05,22.8,23.0,7330826
2025-08-04,23.0,23.3,22.8,23.3,11154749
2025-08-05,23.5,24.5,23.3,23.45,42372840
2025-08-06,23.7,24.4,23.7,24.2,16273086
2025-08-07,24.4,24.65,24.1,24.4,19117139
2025-08-08,24.5,24.8,24.0,24.25,15806665
2025-08-11,24.3,24.7,24.25,24.4,16076962
2025-08-12,24.5,24.55,24.1,24.25,14645340
2025-08-13,24.4,24.65,24.15,24.5,19307849
2025-08-14,24.75,26.2,24.7,26.2,34951134
2025-08-15,27.3,27.6,26.35,26.55,29353803
2025-08-18,26.8,27.5,26.35,27.05,28502251
2025-08-19,27.05,28.7,27.0,28.45,41213850
2025-08-20,28.5,28.5,26.9,28.0,33304272
2025-08-21,28.3,29.5,28.0,29.45,45828312
2025-08-22,29.0,29.4,27.65,27.85,43047475
2025-08-25,28.2,28.4,25.95,26.2,37437560
2025-08-26,26.25,27.4,26.1,27.35,20828678
2025-08-27,27.8,28.6,27.55,27.65,18847267
2025-08-28,27.8,28.15,27.1,27.55,13939715
2025-08-29,27.75,28.4,27.5,27.8,21650767
2025-09-03,27.7,27.75,27.2,27.5,18739010
2025-09-04,27.6,27.75,27.4,27.65,11295727
2025-09-05,27.95,28.05,27.15,27.15,23556009
2025-09-08,27.0,27.6,26.55,26.55,26179984
2025-09-09,26.95,26.95,26.45,26.55,15233054
2025-09-10,26.7,26.85,26.45,26.55,14111979
2025-09-11,26.5,26.55,25.8,26.2,20469051
2025-09-12,26.55,26.65,26.2,26.3,12233046
2025-09-15,26.3,26.65,26.1,26.4,27934600
2025-09-16,26.6,26.6,26.2,26.4,40131026
2025-09-17,26.4,26.45,26.05,26.15,13070614
2025-09-18,26.2,26.2,25.55,25.55,21872721
2025-09-19,25.8,25.8,25.3,25.35,13447416
2025-09-22,25.45,25.45,25.05,25.15,19425366
2025-09-23,25.15,25.7,25.15,25.35,9405930
2025-09-24,25.5,26.0,25.25,26.0,10862227
2025-09-25,26.15,26.15,25.65,25.65,8170966
2025-09-26,25.65,25.75,25.45,25.65,8983361
2025-09-29,25.55,25.8,25.35,25.6,8274811
2025-09-30,25.75,25.8,25.45,25.5,9286555
2025-10-01,25.7,25.95,25.55,25.8,10490510
2025-10-02,25.9,26.2,25.7,25.75,10950409
2025-10-03,25.75,25.85,25.5,25.65,9825189
2025-10-06,26.15,26.8,25.9,26.8,20307466
2025-10-07,26.9,26.9,26.45,26.45,12409646
2025-10-08,26.65,26.85,26.6,26.75,18241992
2025-10-09,26.8,26.95,26.6,26.95,16402847
2025-10-10,27.05,27.2,26.8,26.95,16356212
2025-10-13,26.55,26.8,26.4,26.75,18393101
2025-10-14,26.75,26.95,26.25,26.3,18552934
2025-10-15,26.4,26.65,26.15,26.3,14442329
2025-10-16,26.4,26.55,26.15,26.3,13474766
2025-10-17,26.3,26.4,25.75,25.75,16312948
2025-10-20,25.6,25.65,24.6,24.8,32258331
2025-10-21,24.85,25.3,24.85,25.0,19394085
2025-10-22,25.2,25.3,24.65,25.1,15635919
2025-10-23,25.1,25.2,24.95,24.95,8759225
